INSERT INTO director(id, name, birth) VALUES (NULL, 'Stuart Rosenberg', 1927);
INSERT INTO director(id, name, birth) VALUES (NULL, 'Lasse Hallström', 1946);
INSERT INTO director(id, name, birth) VALUES (NULL, 'François Truffaut', 1932);
INSERT INTO director(id, name, birth) VALUES (NULL, 'Mathieu Kassovitz', 1967);
INSERT INTO director(id, name, birth) VALUES (NULL, 'Anurag Kashyap', 1972);
INSERT INTO director(id, name, birth) VALUES (NULL, 'Oliver Stone', 1946);
INSERT INTO director(id, name, birth) VALUES (NULL, 'Tom McCarthy', 1966);
INSERT INTO director(id, name, birth) VALUES (NULL, 'Naoko Yamada', 1984);
INSERT INTO director(id, name, birth) VALUES (NULL, 'Alfred Hitchcock', 1912);
INSERT INTO director(id, name, birth) VALUES (NULL, 'Pete Docter', 1968);
INSERT INTO director(id, name, birth) VALUES (NULL, 'Terry Jones', 1942);
INSERT INTO director(id, name, birth) VALUES (NULL, 'Yavuz Turgul', 1946);
INSERT INTO director(id, name, birth) VALUES (NULL, 'Terry George', 1952);
INSERT INTO director(id, name, birth) VALUES (NULL, 'Kar-Wai Wong',1958);
INSERT INTO director(id, name, birth) VALUES (NULL, 'Ron Howard', 1954);
INSERT INTO director(id, name, birth) VALUES (NULL, 'Sean Penn', 1960);
INSERT INTO director(id, name, birth) VALUES (NULL, 'Alejandro G. Iñárritu', 1963);
INSERT INTO director(id, name, birth) VALUES (NULL, 'John G. Avildsen', 1935);
INSERT INTO director(id, name, birth) VALUES (NULL, 'Hayao Miyazaki', 1941);
INSERT INTO director(id, name, birth) VALUES (NULL, 'Andrei Tarkovsky', 1932);
INSERT INTO director(id, name, birth) VALUES (NULL, 'Frank Capra', 1910);
INSERT INTO director(id, name, birth) VALUES (NULL, 'Richard Linklater', 1960);
INSERT INTO director(id, name, birth) VALUES (NULL, 'Ingmar Bergman', 1918);
INSERT INTO director(id, name, birth) VALUES (NULL, 'Hideaki Anno',1960);
INSERT INTO director(id, name, birth) VALUES (NULL, 'Gillo Pontecorvo', 1919);
INSERT INTO director(id, name, birth) VALUES (NULL, 'Rob Reiner', 1947 );
INSERT INTO director(id, name, birth) VALUES (NULL, 'Federico Fellini', 1920);
INSERT INTO director(id, name, birth) VALUES (NULL, 'Wim Wenders', 1945);
INSERT INTO director(id, name, birth) VALUES (NULL, 'Krzysztof Kieslowski', 1941);
INSERT INTO director(id, name, birth) VALUES (NULL, 'Zaza Urushadze', 1965);
INSERT INTO studio (name, city, pics) VALUES ('Universal Pictures', 'New York', 'universal.png');
INSERT INTO studio (name, city, pics) VALUES ('Warner Bros.', 'Hollywood', 'warner.png');
INSERT INTO studio (name, city, pics) VALUES ('Columbia Pictures', 'Culver City', 'columbia.png');
INSERT INTO studio (name, city, pics) VALUES ('Paramount Pictures', 'Los Angeles', 'paramount.png');
INSERT INTO studio (name, city, pics) VALUES ('DreamWorks', 'Universal City', 'dream.png');
INSERT INTO studio (name, city, pics) VALUES ('Lionstage', 'Vancouver', 'lion.png');
INSERT INTO studio (name, city, pics) VALUES ('Netflix', 'Los Gatos', 'netflix.png');
INSERT INTO studio (name, city, pics) VALUES ('20th Century Fox', 'Florida', 'cent.png');
INSERT INTO studio (name, city, pics) VALUES ('BFI', 'London', 'bfi.png');
INSERT INTO studio (name, city, pics) VALUES ('Marvel Studios', 'Oregon', 'marvel.png');
INSERT INTO actor (id, name, nationality, birth) VALUES (NULL, 'Tim Robbins', 'american', 1958);
INSERT INTO actor (id, name, nationality, birth) VALUES (NULL, 'Morgan Freeman', 'american', 1937);
INSERT INTO actor (id, name, nationality, birth) VALUES (NULL, 'Bob Gunton', 'american', 1945);
INSERT INTO actor (id, name, nationality, birth) VALUES (NULL, 'William Sadler', 'american', 1950);
INSERT INTO actor (id, name, nationality, birth) VALUES (NULL, 'Marlon Brando', 'american', 1924);
INSERT INTO actor (id, name, nationality, birth) VALUES (NULL, 'Al Pacino', 'american', 1940);
INSERT INTO actor (id, name, nationality, birth) VALUES (NULL, 'James Caan', 'american', 1940);
INSERT INTO actor (id, name, nationality, birth) VALUES (NULL, 'Diane Keaton', 'american', 1946);
INSERT INTO actor (id, name, nationality, birth) VALUES (NULL, 'Robert De Niro','american', 1943);
INSERT INTO actor (id, name, nationality, birth) VALUES (NULL, 'Robert Duvall', 'american', 1931);
INSERT INTO actor (id, name, nationality, birth) VALUES (NULL, 'Christian Bale', 'american', 1974);
INSERT INTO actor (id, name, nationality, birth) VALUES (NULL, 'Heath Ledger', 'australian', 1979);
INSERT INTO actor (id, name, nationality, birth) VALUES (NULL, 'Aaron Eckhart','american', 1968);
INSERT INTO actor (id, name, nationality, birth) VALUES (NULL, 'Michael Caine', 'british', 1933);
INSERT INTO actor (id, name, nationality, birth) VALUES (NULL, 'Henry Fonda', 'american', 1905);
INSERT INTO actor (id, name, nationality, birth) VALUES (NULL, 'Lee J. Cobb', 'american', 1911);
INSERT INTO actor (id, name, nationality, birth) VALUES (NULL, 'Martin Balsam', 'american', 1919);
INSERT INTO actor (id, name, nationality, birth) VALUES (NULL, 'John Fiedler', 'american', 1925);
INSERT INTO actor (id, name, nationality, birth) VALUES (NULL, 'Liam Neeson', 'british', 1952);
INSERT INTO actor (id, name, nationality, birth) VALUES (NULL, 'Ralph Fiennes', 'british', 1962);
INSERT INTO actor (id, name, nationality, birth) VALUES (NULL, 'Ben Kingsley', 'british', 1943);
INSERT INTO actor (id, name, nationality, birth) VALUES (NULL, 'Caroline Goodall', 'british', 1959);
INSERT INTO actor (id, name, nationality, birth) VALUES (NULL, 'Elijah Wood', 'british', 1981);
INSERT INTO actor (id, name, nationality, birth) VALUES (NULL, 'Viggo Mortensen', 'american', 1958);
INSERT INTO actor (id, name, nationality, birth) VALUES (NULL, 'Ian McKellen', 'british', 1939);
INSERT INTO actor (id, name, nationality, birth) VALUES (NULL, 'Orlando Bloom', 'british', 1977);
INSERT INTO actor (id, name, nationality, birth) VALUES (NULL, 'John Travolta', 'american', 1954);
INSERT INTO actor (id, name, nationality, birth) VALUES (NULL, 'Uma Thurman', 'american', 1970);
INSERT INTO actor (id, name, nationality, birth) VALUES (NULL, 'Samuel L. Jackson', 'american', 1948);
INSERT INTO actor (id, name, nationality, birth) VALUES (NULL, 'Bruce Willis', 'german', 1955);
INSERT INTO actor (id, name, nationality, birth) VALUES (NULL, 'Clint Eastwood', 'american', 1930);
INSERT INTO actor (id, name, nationality, birth) VALUES (NULL, 'Eli Wallach', 'american', 1915);
INSERT INTO actor (id, name, nationality, birth) VALUES (NULL, 'Lee Van Cleef', 'american', 1925);
INSERT INTO actor (id, name, nationality, birth) VALUES (NULL, 'Aldo Giuffrè', 'italian', 1924);
INSERT INTO actor (id, name, nationality, birth) VALUES (NULL, 'Sean Bean', 'british', 1959);
INSERT INTO actor (id, name, nationality, birth) VALUES (NULL, 'Brad Pitt', 'american', 1963);
INSERT INTO actor (id, name, nationality, birth) VALUES (NULL, 'Edward Norton', 'american', 1969);
INSERT INTO actor (id, name, nationality, birth) VALUES (NULL, 'Meat Loaf','american', 1947);
INSERT INTO actor (id, name, nationality, birth) VALUES (NULL, 'Zach Grenier', 'american', 1954);
INSERT INTO actor (id, name, nationality, birth) VALUES (NULL, 'Tom Hanks', 'american', 1956);
INSERT INTO actor (id, name, nationality, birth) VALUES (NULL, 'Robin Wright', 'american', 1966);
INSERT INTO actor (id, name, nationality, birth) VALUES (NULL, 'Gary Sinise', 'american', 1955);
INSERT INTO actor (id, name, nationality, birth) VALUES (NULL, 'Sally Field', 'american', 1946);
INSERT INTO actor (id, name, nationality, birth) VALUES (NULL, 'Leonardo DiCaprio', 'american', 1974);
INSERT INTO actor (id, name, nationality, birth) VALUES (NULL, 'Joseph Gordon-Levitt', 'american', 1981);
INSERT INTO actor (id, name, nationality, birth) VALUES (NULL, 'Elliot Page', 'canadian', 1987);
INSERT INTO actor (id, name, nationality, birth) VALUES (NULL, 'Ken Watanabe', 'japanese', 1959);
INSERT INTO actor (id, name, nationality, birth) VALUES (NULL, 'Mark Hamill', 'american', 1951);
INSERT INTO actor (id, name, nationality, birth) VALUES (NULL, 'Harrison Ford', 'american', 1942);
INSERT INTO actor (id, name, nationality, birth) VALUES (NULL, 'Carrie Fisher', 'american', 1956);
INSERT INTO actor (id, name, nationality, birth) VALUES (NULL, 'Billy Dee Williams', 'american', 1937);
INSERT INTO actor (id, name, nationality, birth) VALUES (NULL, 'Keanu Reeves', 'lebanese', 1964);
INSERT INTO actor (id, name, nationality, birth) VALUES (NULL, 'Laurence Fishburne', 'american', 1961);
INSERT INTO actor (id, name, nationality, birth) VALUES (NULL, 'Carrie-Anne Moss', 'canadian', 1967);
INSERT INTO actor (id, name, nationality, birth) VALUES (NULL, 'Hugo Weaving', 'nigerian', 1960);
INSERT INTO actor (id, name, nationality, birth) VALUES (NULL, 'Ray Liotta', 'american', 1954);
INSERT INTO actor (id, name, nationality, birth) VALUES (NULL, 'Joe Pesci', 'american', 1943);
INSERT INTO actor (id, name, nationality, birth) VALUES (NULL, 'Lorraine Bracco', 'american', 1954);
INSERT INTO actor (id, name, nationality, birth) VALUES (NULL, 'Jack Nicholson', 'american', 1937);
INSERT INTO actor (id, name, nationality, birth) VALUES (NULL, 'Louise Fletcher', 'american', 1934);
INSERT INTO actor (id, name, nationality, birth) VALUES (NULL, 'Michael Berryman', 'american', 1948);
INSERT INTO actor (id, name, nationality, birth) VALUES (NULL, 'Peter Brocco', 'american', 1903);
INSERT INTO actor (id, name, nationality, birth) VALUES (NULL, 'Toshirô Mifune', 'japanese', 1920);
INSERT INTO actor (id, name, nationality, birth) VALUES (NULL, 'Takashi Shimura', 'japanese', 1905);
INSERT INTO actor (id, name, nationality, birth) VALUES (NULL, 'Keiko Tsushima','japanese', 1926);
INSERT INTO actor (id, name, nationality, birth) VALUES (NULL, 'Yukiko Shimazaki', 'japanese', 1931);
INSERT INTO actor (id, name, nationality, birth) VALUES (NULL, 'Kevin Spacey', 'american', 1959);
INSERT INTO actor (id, name, nationality, birth) VALUES (NULL, 'Andrew Kevin Walker', 'american', 1964);
INSERT INTO actor (id, name, nationality, birth) VALUES (NULL, 'Jodie Foster', 'american', 1962);
INSERT INTO actor (id, name, nationality, birth) VALUES (NULL, 'Anthony Hopkins', 'american', 1937);
INSERT INTO actor (id, name, nationality, birth) VALUES (NULL, 'Lawrence A. Bonney', 'american', 1936 );
INSERT INTO actor (id, name, nationality, birth) VALUES (NULL, 'Kasi Lemmons', 'american',  1961);
INSERT INTO actor (id, name, nationality, birth) VALUES (NULL, 'Alexandre Rodrigues', 'brazilian', 1938);
INSERT INTO actor (id, name, nationality, birth) VALUES (NULL, 'Leandro Firmino', 'brazilian', 1978);
INSERT INTO actor (id, name, nationality, birth) VALUES (NULL, 'Matheus Nachtergaele', 'brazilian', 1968);
INSERT INTO actor (id, name, nationality, birth) VALUES (NULL, 'Phellipe Haagensen', 'brazilian', 1984);
INSERT INTO actor (id, name, nationality, birth) VALUES (NULL, 'Roberto Benigni', 'italian', 1952);
INSERT INTO actor (id, name, nationality, birth) VALUES (NULL, 'Nicoletta Braschi', 'italian', 1960);
INSERT INTO actor (id, name, nationality, birth) VALUES (NULL, 'Giorgio Cantarini', 'italian', 1992);
INSERT INTO actor (id, name, nationality, birth) VALUES (NULL, 'Giustino Durano', 'italian', 1923);
INSERT INTO actor (id, name, nationality, birth) VALUES (NULL, 'James Stewart', 'american', 1908);
INSERT INTO actor (id, name, nationality, birth) VALUES (NULL, 'Donna Reed', 'american', 1921);
INSERT INTO actor (id, name, nationality, birth) VALUES (NULL, 'Lionel Barrymore', 'american', 1909);
INSERT INTO actor (id, name, nationality, birth) VALUES (NULL, 'Thomas Mitchell', 'american', 1903);
INSERT INTO actor (id, name, nationality, birth) VALUES (NULL, 'Alec Guinness', 'british', 1914);
INSERT INTO actor (id, name, nationality, birth) VALUES (NULL, 'Matt Damon', 'american', 1970);
INSERT INTO actor (id, name, nationality, birth) VALUES (NULL, 'Tom Sizemore', 'american', 1961);
INSERT INTO actor (id, name, nationality, birth) VALUES (NULL, 'Edward Burns', 'american', 1968);
INSERT INTO actor (id, name, nationality, birth) VALUES (NULL, 'Matthew McConaughey', 'american', 1962);
INSERT INTO actor (id, name, nationality, birth) VALUES (NULL, 'Anne Hathaway', 'american', 1982);
INSERT INTO actor (id, name, nationality, birth) VALUES (NULL, 'Jessica Chastain', 'american', 1977);
INSERT INTO actor (id, name, nationality, birth) VALUES (NULL, 'Mackenzie Foy','american', 2000);
INSERT INTO actor (id, name, nationality, birth) VALUES (NULL, 'Daveigh Chase', 'american', 1990);
INSERT INTO actor (id, name, nationality, birth) VALUES (NULL, 'Suzanne Pleshette', 'american', 1937);
INSERT INTO actor (id, name, nationality, birth) VALUES (NULL, 'Miyu Irino', 'japanese',1988 );
INSERT INTO actor (id, name, nationality, birth) VALUES (NULL, 'Rumi Hiiragi', 'japanese', 1987);
INSERT INTO actor (id, name, nationality, birth) VALUES (NULL, 'Michael Clarke Duncan', 'american', 1957);
INSERT INTO actor (id, name, nationality, birth) VALUES (NULL, 'David Morse', 'american', 1953);
INSERT INTO actor (id, name, nationality, birth) VALUES (NULL, 'Bonnie Hunt', 'american', 1961);
INSERT INTO actor (id, name, nationality, birth) VALUES (NULL, 'Kang-ho Song', 'korean', 1967);
INSERT INTO actor (id, name, nationality, birth) VALUES (NULL, 'Sun-kyun Lee', 'korean', 1975);
INSERT INTO actor (id, name, nationality, birth) VALUES (NULL, 'Yeo-jeong Cho', 'korean', 1981);
INSERT INTO actor (id, name, nationality, birth) VALUES (NULL, 'Woo-sik Choi', 'korean', 1990);
INSERT INTO movie(title, release_date, genre, hossz, rank, directorID, studioID) VALUES ('Cool Hand Luke', 1967, 'Crime', 127, 5, 1, 'Universal Pictures');
INSERT INTO movie(title, release_date, genre, hossz, rank, directorID, studioID) VALUES ('Hachi: A Dogs Tale', 2009, 'Biography', 93, 8, 2, 'DreamWorks');
INSERT INTO movie(title, release_date, genre, hossz, rank, directorID, studioID) VALUES ('The 400 Blows', 1959, 'Crime', 99, 7, 3, 'BFI');
INSERT INTO movie(title, release_date, genre, hossz, rank, directorID, studioID) VALUES ('La Haine', 1995, 'Crime', 98, 8, 4, 'Columbia Pictures');
INSERT INTO movie(title, release_date, genre, hossz, rank, directorID, studioID) VALUES ('Gangs of Wasseypur', 2012, 'Action', 321, 9, 5, 'Paramount Pictures');
INSERT INTO movie(title, release_date, genre, hossz, rank, directorID, studioID) VALUES ('Platoon', 1986, 'Drama', 120, 8, 6, 'Warner Bros.');
INSERT INTO movie(title, release_date, genre, hossz, rank, directorID, studioID) VALUES ('Spotlight', 2015, 'Biography', 129, 8, 7, '20th Century Fox');
INSERT INTO movie(title, release_date, genre, hossz, rank, directorID, studioID) VALUES ('A Silent Voice', 2016, 'Animation', 130, 8, 8, '20th Century Fox');
INSERT INTO movie(title, release_date, genre, hossz, rank, directorID, studioID) VALUES ('Rebecca', 1940, 'Drama', 130, 8, 9,'Universal Pictures');
INSERT INTO movie(title, release_date, genre, hossz, rank, directorID, studioID) VALUES ('Monsters, Inc.', 2001, 'Animation', 92, 6, 10, 'DreamWorks');
INSERT INTO movie(title, release_date, genre, hossz, rank, directorID, studioID) VALUES ('Monty Pythons Life of Brian', 1979, 'Comedy', 94, 5, 11, 'Marvel Studios');
INSERT INTO movie(title, release_date, genre, hossz, rank, directorID, studioID) VALUES ('The Bandit', 1996, 'Crime', 128, 8, 12, 'BFI');
INSERT INTO movie(title, release_date, genre, hossz, rank, directorID, studioID) VALUES ('Hotel Rwanda', 2004, 'Biography', 121, 7, 13, 'Lionstage');
INSERT INTO movie(title, release_date, genre, hossz, rank, directorID, studioID) VALUES ('In the Mood for Love', 2000, 'Drama', 98, 7, 14, 'Universal Pictures');
INSERT INTO movie(title, release_date, genre, hossz, rank, directorID, studioID) VALUES ('Rush', 2013, 'Action', 123, 4, 15, 'Columbia Pictures');
INSERT INTO movie(title, release_date, genre, hossz, rank, directorID, studioID) VALUES ('Into the Wild', 2007, 'Adventure', 148, 6, 16, 'BFI');
INSERT INTO movie(title, release_date, genre, hossz, rank, directorID, studioID) VALUES ('Loves a Bitch', 2000, 'Drama', 154, 8, 17, 'Marvel Studios');
INSERT INTO movie(title, release_date, genre, hossz, rank, directorID, studioID) VALUES ('Rocky', 1976, 'Drama', 120, 8, 18, 'Paramount Pictures');
INSERT INTO movie(title, release_date, genre, hossz, rank, directorID, studioID) VALUES ('Nausicaä of the Valley of the Wind', 1984, 'Animation', 117, 9, 19, 'Lionstage');
INSERT INTO movie(title, release_date, genre, hossz, rank, directorID, studioID) VALUES ('Andrei Rublev', 1966, 'Biography', 205, 8, 20, '20th Century Fox');
INSERT INTO movie(title, release_date, genre, hossz, rank, directorID, studioID) VALUES ('It Happened One Night', 1934, 'Comedy', 105, 6, 21, 'Universal Pictures');
INSERT INTO movie(title, release_date, genre, hossz, rank, directorID, studioID) VALUES ('Before Sunset', 2004, 'Drama', 80, 6, 22, 'Netflix');
INSERT INTO movie(title, release_date, genre, hossz, rank, directorID, studioID) VALUES ('Fanny and Alexander', 1982, 'Drama', 188, 6, 23, 'Columbia Pictures');
INSERT INTO movie(title, release_date, genre, hossz, rank, directorID, studioID) VALUES ('Neon Genesis Evangelion: The End of Evangelion', 1997, 'Animation', 87, 9, 24, 'DreamWorks');
INSERT INTO movie(title, release_date, genre, hossz, rank, directorID, studioID) VALUES ('The Battle of Algiers', 1966, 'Drama', 121, 5, 25, 'Lionstage');
INSERT INTO movie(title, release_date, genre, hossz, rank, directorID, studioID) VALUES ('The Princess Bride', 1987, 'Adventure', 98, 5, 26, 'BFI');
INSERT INTO movie(title, release_date, genre, hossz, rank, directorID, studioID) VALUES ('Nights of Cabiria', 1957, 'Drama', 110, 8, 27, 'Universal Pictures');
INSERT INTO movie(title, release_date, genre, hossz, rank, directorID, studioID) VALUES ('Paris, Texas', 1984, 'Drama', 145, 6, 28, 'Columbia Pictures');
INSERT INTO movie(title, release_date, genre, hossz, rank, directorID, studioID) VALUES ('Three Colours: Red', 1994, 'Drama', 99, 3, 29, '20th Century Fox');
INSERT INTO movie(title, release_date, genre, hossz, rank, directorID, studioID) VALUES ('Tangerines', 2013, 'Drama', 87, 9, 30,'Universal Pictures');
INSERT INTO role (actorID, movieID) VALUES (1, 'Cool Hand Luke');
INSERT INTO role (actorID, movieID) VALUES (2, 'Cool Hand Luke');
INSERT INTO role (actorID, movieID) VALUES (3, 'Cool Hand Luke');
INSERT INTO role (actorID, movieID) VALUES (4, 'Cool Hand Luke');
INSERT INTO role (actorID, movieID) VALUES (5, 'Hachi: A Dogs Tale');
INSERT INTO role (actorID, movieID) VALUES (6, 'Hachi: A Dogs Tale');
INSERT INTO role (actorID, movieID) VALUES (7, 'Hachi: A Dogs Tale');
INSERT INTO role (actorID, movieID) VALUES (8, 'Hachi: A Dogs Tale');
INSERT INTO role (actorID, movieID) VALUES (6, 'The 400 Blows');
INSERT INTO role (actorID, movieID) VALUES (9, 'The 400 Blows');
INSERT INTO role (actorID, movieID) VALUES (10, 'The 400 Blows');
INSERT INTO role (actorID, movieID) VALUES (8, 'The 400 Blows');
INSERT INTO role (actorID, movieID) VALUES (11, 'La Haine');
INSERT INTO role (actorID, movieID) VALUES (12, 'La Haine');
INSERT INTO role (actorID, movieID) VALUES (13, 'La Haine');
INSERT INTO role (actorID, movieID) VALUES (14, 'La Haine');
INSERT INTO role (actorID, movieID) VALUES (15, 'Gangs of Wasseypur');
INSERT INTO role (actorID, movieID) VALUES (16, 'Gangs of Wasseypur');
INSERT INTO role (actorID, movieID) VALUES (17, 'Gangs of Wasseypur');
INSERT INTO role (actorID, movieID) VALUES (18, 'Gangs of Wasseypur');
INSERT INTO role (actorID, movieID) VALUES (19, 'Platoon');
INSERT INTO role (actorID, movieID) VALUES (20, 'Platoon');
INSERT INTO role (actorID, movieID) VALUES (21, 'Platoon');
INSERT INTO role (actorID, movieID) VALUES (22, 'Platoon');
INSERT INTO role (actorID, movieID) VALUES (23, 'Spotlight');
INSERT INTO role (actorID, movieID) VALUES (24, 'Spotlight');
INSERT INTO role (actorID, movieID) VALUES (25, 'Spotlight');
INSERT INTO role (actorID, movieID) VALUES (26, 'Spotlight');
INSERT INTO role (actorID, movieID) VALUES (27, 'A Silent Voice');
INSERT INTO role (actorID, movieID) VALUES (28, 'A Silent Voice');
INSERT INTO role (actorID, movieID) VALUES (29, 'A Silent Voice');
INSERT INTO role (actorID, movieID) VALUES (30, 'A Silent Voice');
INSERT INTO role (actorID, movieID) VALUES (31, 'Rebecca');
INSERT INTO role (actorID, movieID) VALUES (32, 'Rebecca');
INSERT INTO role (actorID, movieID) VALUES (33, 'Rebecca');
INSERT INTO role (actorID, movieID) VALUES (34, 'Rebecca');
INSERT INTO role (actorID, movieID) VALUES (23, 'Monsters, Inc.');
INSERT INTO role (actorID, movieID) VALUES (25, 'Monsters, Inc.');
INSERT INTO role (actorID, movieID) VALUES (26, 'Monsters, Inc.');
INSERT INTO role (actorID, movieID) VALUES (35, 'Monsters, Inc.');
INSERT INTO role (actorID, movieID) VALUES (36, 'Monty Pythons Life of Brian');
INSERT INTO role (actorID, movieID) VALUES (37, 'Monty Pythons Life of Brian');
INSERT INTO role (actorID, movieID) VALUES (38, 'Monty Pythons Life of Brian');
INSERT INTO role (actorID, movieID) VALUES (39, 'Monty Pythons Life of Brian');
INSERT INTO role (actorID, movieID) VALUES (40, 'The Bandit');
INSERT INTO role (actorID, movieID) VALUES (41, 'The Bandit');
INSERT INTO role (actorID, movieID) VALUES (42, 'The Bandit');
INSERT INTO role (actorID, movieID) VALUES (43, 'The Bandit');
INSERT INTO role (actorID, movieID) VALUES (44, 'Hotel Rwanda');
INSERT INTO role (actorID, movieID) VALUES (45, 'Hotel Rwanda');
INSERT INTO role (actorID, movieID) VALUES (46, 'Hotel Rwanda');
INSERT INTO role (actorID, movieID) VALUES (47, 'Hotel Rwanda');
INSERT INTO role (actorID, movieID) VALUES (23, 'In the Mood for Love');
INSERT INTO role (actorID, movieID) VALUES (25, 'In the Mood for Love');
INSERT INTO role (actorID, movieID) VALUES (24, 'In the Mood for Love');
INSERT INTO role (actorID, movieID) VALUES (26, 'In the Mood for Love');
INSERT INTO role (actorID, movieID) VALUES (48, 'Rush');
INSERT INTO role (actorID, movieID) VALUES (49, 'Rush');
INSERT INTO role (actorID, movieID) VALUES (50, 'Rush');
INSERT INTO role (actorID, movieID) VALUES (51, 'Rush');
INSERT INTO role (actorID, movieID) VALUES (52, 'Into the Wild');
INSERT INTO role (actorID, movieID) VALUES (53, 'Into the Wild');
INSERT INTO role (actorID, movieID) VALUES (54, 'Into the Wild');
INSERT INTO role (actorID, movieID) VALUES (55, 'Into the Wild');
INSERT INTO role (actorID, movieID) VALUES (9, 'Loves a Bitch');
INSERT INTO role (actorID, movieID) VALUES (56, 'Loves a Bitch');
INSERT INTO role (actorID, movieID) VALUES (57, 'Loves a Bitch');
INSERT INTO role (actorID, movieID) VALUES (58, 'Loves a Bitch');
INSERT INTO role (actorID, movieID) VALUES (59, 'Rocky');
INSERT INTO role (actorID, movieID) VALUES (60, 'Rocky');
INSERT INTO role (actorID, movieID) VALUES (61, 'Rocky');
INSERT INTO role (actorID, movieID) VALUES (62, 'Rocky');
INSERT INTO role (actorID, movieID) VALUES (63, 'Nausicaä of the Valley of the Wind');
INSERT INTO role (actorID, movieID) VALUES (64, 'Nausicaä of the Valley of the Wind');
INSERT INTO role (actorID, movieID) VALUES (65, 'Nausicaä of the Valley of the Wind');
INSERT INTO role (actorID, movieID) VALUES (66, 'Nausicaä of the Valley of the Wind');
INSERT INTO role (actorID, movieID) VALUES (2, 'Andrei Rublev');
INSERT INTO role (actorID, movieID) VALUES (36, 'Andrei Rublev');
INSERT INTO role (actorID, movieID) VALUES (67, 'Andrei Rublev');
INSERT INTO role (actorID, movieID) VALUES (68, 'Andrei Rublev');
INSERT INTO role (actorID, movieID) VALUES (69, 'It Happened One Night');
INSERT INTO role (actorID, movieID) VALUES (70, 'It Happened One Night');
INSERT INTO role (actorID, movieID) VALUES (71, 'It Happened One Night');
INSERT INTO role (actorID, movieID) VALUES (72, 'It Happened One Night');
INSERT INTO role (actorID, movieID) VALUES (73, 'Before Sunset');
INSERT INTO role (actorID, movieID) VALUES (74, 'Before Sunset');
INSERT INTO role (actorID, movieID) VALUES (75, 'Before Sunset');
INSERT INTO role (actorID, movieID) VALUES (76, 'Before Sunset');
INSERT INTO role (actorID, movieID) VALUES (77, 'Fanny and Alexander');
INSERT INTO role (actorID, movieID) VALUES (78, 'Fanny and Alexander');
INSERT INTO role (actorID, movieID) VALUES (79, 'Fanny and Alexander');
INSERT INTO role (actorID, movieID) VALUES (80, 'Fanny and Alexander');
INSERT INTO role (actorID, movieID) VALUES (81, 'Neon Genesis Evangelion: The End of Evangelion');
INSERT INTO role (actorID, movieID) VALUES (82, 'Neon Genesis Evangelion: The End of Evangelion');
INSERT INTO role (actorID, movieID) VALUES (83, 'Neon Genesis Evangelion: The End of Evangelion');
INSERT INTO role (actorID, movieID) VALUES (84, 'Neon Genesis Evangelion: The End of Evangelion');
INSERT INTO role (actorID, movieID) VALUES (48, 'The Battle of Algiers');
INSERT INTO role (actorID, movieID) VALUES (49, 'The Battle of Algiers');
INSERT INTO role (actorID, movieID) VALUES (50, 'The Battle of Algiers');
INSERT INTO role (actorID, movieID) VALUES (85, 'The Battle of Algiers');
INSERT INTO role (actorID, movieID) VALUES (40, 'The Princess Bride');
INSERT INTO role (actorID, movieID) VALUES (86, 'The Princess Bride');
INSERT INTO role (actorID, movieID) VALUES (87, 'The Princess Bride');
INSERT INTO role (actorID, movieID) VALUES (88, 'The Princess Bride');
INSERT INTO role (actorID, movieID) VALUES (89, 'Nights of Cabiria');
INSERT INTO role (actorID, movieID) VALUES (90, 'Nights of Cabiria');
INSERT INTO role (actorID, movieID) VALUES (91, 'Nights of Cabiria');
INSERT INTO role (actorID, movieID) VALUES (92, 'Nights of Cabiria');
INSERT INTO role (actorID, movieID) VALUES (93, 'Paris, Texas');
INSERT INTO role (actorID, movieID) VALUES (94, 'Paris, Texas');
INSERT INTO role (actorID, movieID) VALUES (95, 'Paris, Texas');
INSERT INTO role (actorID, movieID) VALUES (96, 'Paris, Texas');
INSERT INTO role (actorID, movieID) VALUES (40, 'Three Colours: Red');
INSERT INTO role (actorID, movieID) VALUES (97, 'Three Colours: Red');
INSERT INTO role (actorID, movieID) VALUES (98, 'Three Colours: Red');
INSERT INTO role (actorID, movieID) VALUES (99, 'Three Colours: Red');
INSERT INTO role (actorID, movieID) VALUES (100, 'Tangerines');
INSERT INTO role (actorID, movieID) VALUES (101, 'Tangerines');
INSERT INTO role (actorID, movieID) VALUES (102, 'Tangerines');
INSERT INTO role (actorID, movieID) VALUES (103, 'Tangerines');